dataset,model,label,accuracy,f1,recall,precision
Adiac,deepsvdd,1.0,0.09974424552429667,0.005456095481670929,0.0029229082937522835,0.04092071611253197
Adiac,deepsvdd,2.0,0.09462915601023018,0.009929291409658493,0.005285592497868712,0.08184143222506395
Adiac,deepsvdd,3.0,0.20460358056265984,0.0,0.0,0.0
Adiac,deepsvdd,4.0,0.21739130434782608,0.0,0.0,0.0
Adiac,deepsvdd,5.0,0.289002557544757,0.035254770804642926,0.019983426633043002,0.1636828644501279
Adiac,deepsvdd,6.0,0.8107416879795396,0.10580928023383267,0.06956521739130435,0.24552429667519182
Adiac,deepsvdd,7.0,0.3989769820971867,0.00629549478654338,0.00372006510113927,0.020460358056265986
Adiac,deepsvdd,8.0,0.17647058823529413,0.03610915938281667,0.02084758094988274,0.17732310315430522
Adiac,deepsvdd,9.0,0.01278772378516624,0.02407100947795998,0.012958226768968456,0.18414322250639387
Adiac,deepsvdd,10.0,0.21739130434782608,0.0,0.0,0.0
Adiac,deepsvdd,11.0,0.30179028132992325,0.026988186578979417,0.014839380568280821,0.1636828644501279
Adiac,deepsvdd,12.0,0.17135549872122763,0.03843888922871923,0.02249327824775395,0.18414322250639387
Adiac,deepsvdd,13.0,0.09462915601023018,0.04365298683748638,0.02464985994397759,0.22506393861892582
Adiac,deepsvdd,14.0,0.9028132992327366,0.0,0.0,0.0
Adiac,deepsvdd,15.0,0.04859335038363171,0.034301188506092976,0.0185848252344416,0.24552429667519182
Adiac,deepsvdd,16.0,0.1534526854219949,0.0,0.0,0.0
Adiac,deepsvdd,17.0,0.0741687979539642,0.005115089514066497,0.0027280477408354645,0.04092071611253197
Adiac,deepsvdd,18.0,0.2864450127877238,0.0,0.0,0.0
Adiac,deepsvdd,19.0,0.30434782608695654,0.018742042271454037,0.010425039581049811,0.10230179028132992
Adiac,deepsvdd,20.0,0.29923273657289,0.00629549478654338,0.0034100596760443308,0.04092071611253197
Adiac,deepsvdd,21.0,0.0741687979539642,0.05313006703107501,0.029180367799293627,0.3273657289002558
Adiac,deepsvdd,22.0,0.42455242966751916,0.005845816587504567,0.0034100596760443308,0.020460358056265986
Adiac,deepsvdd,23.0,0.3350383631713555,0.006820119352088662,0.0040920716112531974,0.020460358056265986
Adiac,deepsvdd,24.0,0.010230179028132993,0.0,0.0,0.0
Adiac,deepsvdd,25.0,0.5959079283887468,0.04272317622701255,0.02873584216295214,0.09974424552429667
Adiac,deepsvdd,26.0,0.6112531969309463,0.023870417732310318,0.015004262574595056,0.061381074168797956
Adiac,deepsvdd,27.0,0.1636828644501279,0.00545609548167093,0.00314774739327169,0.020460358056265986
Adiac,deepsvdd,28.0,0.15089514066496162,0.005115089514066497,0.0027280477408354645,0.04092071611253197
Adiac,deepsvdd,29.0,0.03324808184143223,0.014442605686775987,0.008013640238704177,0.08184143222506395
Adiac,deepsvdd,30.0,0.391304347826087,0.00629549478654338,0.0034100596760443308,0.04092071611253197
Adiac,deepsvdd,31.0,0.41687979539641945,0.008184143222506393,0.004546746234725774,0.04092071611253197
Adiac,deepsvdd,32.0,0.06905370843989769,0.0,0.0,0.0
Adiac,deepsvdd,33.0,0.32225063938618925,0.0,0.0,0.0
Adiac,deepsvdd,34.0,0.0741687979539642,0.025615565919462412,0.013664596273291925,0.20460358056265984
Adiac,deepsvdd,35.0,0.23017902813299232,0.00545609548167093,0.00314774739327169,0.020460358056265986
Adiac,deepsvdd,36.0,0.5115089514066496,0.0,0.0,0.0
Adiac,deepsvdd,37.0,0.1432225063938619,0.010960906101571063,0.006138107416879795,0.061381074168797956
ArrowHead,deepsvdd,0.0,0.5885714285714285,0.17916861417613295,0.4114285714285714,0.13485714285714287
ArrowHead,deepsvdd,1.0,0.64,0.2003338781736951,0.3352380952380952,0.1527272727272727
ArrowHead,deepsvdd,2.0,0.6742857142857143,0.020317460317460317,0.09142857142857143,0.011428571428571429
Beef,deepsvdd,1.0,0.7333333333333333,0.32,0.4,0.26666666666666666
Beef,deepsvdd,2.0,0.6666666666666666,0.09696969696969696,0.10666666666666667,0.08888888888888888
Beef,deepsvdd,3.0,0.5333333333333333,0.2074074074074074,0.13333333333333333,0.4666666666666667
Beef,deepsvdd,4.0,0.43333333333333335,0.14358974358974358,0.13333333333333333,0.15555555555555553
Beef,deepsvdd,5.0,0.6666666666666666,0.18666666666666668,0.23333333333333334,0.15555555555555553
BeetleFly,deepsvdd,1.0,0.4,0.0,0.0,0.0
BeetleFly,deepsvdd,2.0,0.5,0.0,0.0,0.0
BirdChicken,deepsvdd,1.0,0.5,0.4,0.5333333333333333,0.32
BirdChicken,deepsvdd,2.0,0.5,0.17142857142857143,0.2,0.15
Car,deepsvdd,1.0,0.25,0.18095238095238095,0.13939393939393938,0.3333333333333333
Car,deepsvdd,2.0,0.48333333333333334,0.22222222222222224,0.18031746031746032,0.40888888888888886
Car,deepsvdd,3.0,0.6833333333333333,0.0,0.0,0.0
Car,deepsvdd,4.0,0.2833333333333333,0.33465231706717774,0.21355311355311357,0.9111111111111111
CBF,deepsvdd,1.0,0.1711111111111111,0.13186050596576912,0.10270243336910001,0.2054179894179894
CBF,deepsvdd,2.0,0.3877777777777778,0.10367015700349037,0.10766843033509704,0.11350264550264555
CBF,deepsvdd,3.0,0.37666666666666665,0.2716226025245634,0.22592624659291322,0.375005291005291
ChlorineConcentration,deepsvdd,1.0,0.7505208333333333,0.16597282347282336,0.2773611111111111,0.13954365079365075
ChlorineConcentration,deepsvdd,2.0,0.6151041666666667,0.1901540126540126,0.1975550144300145,0.21907407407407425
ChlorineConcentration,deepsvdd,3.0,0.42161458333333335,0.03177401302401303,0.09826388888888887,0.019819474506974508
CinCECGTorso,deepsvdd,1.0,0.5369565217391304,0.34691190404745387,0.27748856618421824,0.5394340924775708
CinCECGTorso,deepsvdd,2.0,0.591304347826087,0.10656879352531527,0.12251207729468597,0.11098688750862666
CinCECGTorso,deepsvdd,3.0,0.46956521739130436,0.2889812281116627,0.22884078884078882,0.45976995629169537
CinCECGTorso,deepsvdd,4.0,0.7731884057971015,0.46681827029653117,0.5345479641131815,0.45570738440303654
Coffee,deepsvdd,0.0,0.39285714285714285,0.31168831168831174,0.4897959183673469,0.2285714285714286
Coffee,deepsvdd,1.0,0.2857142857142857,0.25210084033613445,0.42857142857142855,0.17857142857142858
Computers,deepsvdd,1.0,0.48,0.060869349845201245,0.256,0.036
Computers,deepsvdd,2.0,0.444,0.07996776254361393,0.32,0.048
CricketX,deepsvdd,1.0,0.4512820512820513,0.0,0.0,0.0
CricketX,deepsvdd,2.0,0.7435897435897436,0.07417175417175417,0.06192918192918192,0.11623931623931623
CricketX,deepsvdd,3.0,0.31025641025641026,0.08149740656527987,0.04924704924704924,0.3111111111111111
CricketX,deepsvdd,4.0,0.8358974358974359,0.21567765567765568,0.18598290598290598,0.294017094017094
CricketX,deepsvdd,5.0,0.16153846153846155,0.0706370753429577,0.04095511326280556,0.31794871794871793
CricketX,deepsvdd,6.0,0.6512820512820513,0.02386946386946387,0.017777777777777778,0.06153846153846154
CricketX,deepsvdd,7.0,0.4307692307692308,0.03460926537849615,0.02333074333074333,0.09230769230769231
CricketX,deepsvdd,8.0,0.5871794871794872,0.054804454804454804,0.03412291412291412,0.14358974358974358
CricketX,deepsvdd,9.0,0.6512820512820513,0.19741739741739742,0.13986161986161985,0.40341880341880343
CricketX,deepsvdd,10.0,0.5512820512820513,0.02188034188034188,0.015547415547415547,0.059487179487179485
CricketX,deepsvdd,11.0,0.7923076923076923,0.1505087505087505,0.11286935286935287,0.26837606837606837
CricketX,deepsvdd,12.0,0.6641025641025641,0.010256410256410256,0.008205128205128205,0.013675213675213675
CricketY,deepsvdd,1.0,0.5974358974358974,0.06642246642246642,0.052649572649572644,0.11282051282051281
CricketY,deepsvdd,2.0,0.21025641025641026,0.07369631876419207,0.04287905826367365,0.32820512820512815
CricketY,deepsvdd,3.0,0.5358974358974359,0.04115884115884116,0.02780626780626781,0.09572649572649572
CricketY,deepsvdd,4.0,0.7897435897435897,0.07838827838827839,0.06598290598290597,0.10427350427350426
CricketY,deepsvdd,5.0,0.49743589743589745,0.1306237921622537,0.08247752247752248,0.37948717948717947
CricketY,deepsvdd,6.0,0.8051282051282052,0.0,0.0,0.0
CricketY,deepsvdd,7.0,0.4512820512820513,0.03444350521273598,0.020626780626780625,0.11623931623931623
CricketY,deepsvdd,8.0,0.12307692307692308,0.14937560089262877,0.08503052503052502,0.7384615384615385
CricketY,deepsvdd,9.0,0.7846153846153846,0.12923076923076923,0.10393162393162393,0.18461538461538463
CricketY,deepsvdd,10.0,0.45897435897435895,0.027578347578347578,0.015547415547415547,0.12307692307692308
CricketY,deepsvdd,11.0,0.8923076923076924,0.04786324786324786,0.06153846153846154,0.041025641025641026
CricketY,deepsvdd,12.0,0.8333333333333334,0.0,0.0,0.0
CricketZ,deepsvdd,1.0,0.4282051282051282,0.021354372123602895,0.01332001332001332,0.07521367521367521
CricketZ,deepsvdd,2.0,0.8384615384615385,0.10334554334554336,0.1264957264957265,0.11760683760683761
CricketZ,deepsvdd,3.0,0.6948717948717948,0.20193732193732195,0.14339438339438337,0.39658119658119656
CricketZ,deepsvdd,4.0,0.9256410256410257,0.08376068376068375,0.09743589743589744,0.07692307692307693
CricketZ,deepsvdd,5.0,0.8589743589743589,0.1777777777777778,0.20512820512820512,0.19487179487179487
CricketZ,deepsvdd,6.0,0.24358974358974358,0.1456403626539373,0.0833339310262387,0.676923076923077
CricketZ,deepsvdd,7.0,0.7692307692307693,0.10940170940170942,0.09367521367521367,0.1641025641025641
CricketZ,deepsvdd,8.0,0.7025641025641025,0.025396825396825397,0.01641025641025641,0.06153846153846154
CricketZ,deepsvdd,9.0,0.8717948717948718,0.08205128205128205,0.08205128205128205,0.08205128205128205
CricketZ,deepsvdd,10.0,0.7897435897435897,0.01641025641025641,0.013675213675213675,0.020512820512820513
CricketZ,deepsvdd,11.0,0.2743589743589744,0.12736743397376882,0.07615381769227923,0.49230769230769234
CricketZ,deepsvdd,12.0,0.5820512820512821,0.051965811965811966,0.034008954008954005,0.15384615384615385
DiatomSizeReduction,deepsvdd,1.0,0.10784313725490197,0.19170314611339323,0.10784313725490197,0.9934640522875817
DiatomSizeReduction,deepsvdd,2.0,0.12091503267973856,0.1327431098571753,0.0968523850876792,0.23012760659819487
DiatomSizeReduction,deepsvdd,3.0,0.28104575163398693,0.4260125289657146,0.2877995642701525,0.8971055088702148
DiatomSizeReduction,deepsvdd,4.0,0.20261437908496732,0.3291259149936987,0.22336421748186455,0.7597053636269322
DistalPhalanxOutlineAgeGroup,deepsvdd,1.0,0.6906474820143885,0.0802267277087421,0.06906474820143886,0.15347721822541965
DistalPhalanxOutlineAgeGroup,deepsvdd,2.0,0.41007194244604317,0.4996236337329138,0.4330882546709885,0.6626345676705389
DistalPhalanxOutlineAgeGroup,deepsvdd,3.0,0.4676258992805755,0.5836739205226109,0.4676258992805755,1.0
DistalPhalanxOutlineCorrect,deepsvdd,0.0,0.3188405797101449,0.44493322743423713,0.3409440800745148,0.6843800322061192
DistalPhalanxOutlineCorrect,deepsvdd,1.0,0.5905797101449275,0.7331925419499024,0.5869565217391305,1.0
DistalPhalanxTW,deepsvdd,3.0,0.39568345323741005,0.09990553012135746,0.06785844052031101,0.22122302158273383
DistalPhalanxTW,deepsvdd,4.0,0.34532374100719426,0.03453237410071943,0.0197327852004111,0.17266187050359713
DistalPhalanxTW,deepsvdd,5.0,0.2517985611510791,0.09083629024382303,0.06815247103016886,0.17759506680369988
DistalPhalanxTW,deepsvdd,6.0,0.37410071942446044,0.10903277378097523,0.0684639101905289,0.26858513189448435
DistalPhalanxTW,deepsvdd,7.0,0.45323741007194246,0.15676601575882151,0.10820354705246792,0.48201438848920863
DistalPhalanxTW,deepsvdd,8.0,0.16546762589928057,0.23653465470958843,0.20711822150671072,0.28714690585194186
Earthquakes,deepsvdd,0.0,0.43884892086330934,0.44536167616106137,0.8055841041452552,0.3139282779570549
Earthquakes,deepsvdd,1.0,0.539568345323741,0.061664953751284696,0.07673860911270983,0.051798561151079135
ECG200,deepsvdd,-1.0,0.69,0.2438095238095238,0.56,0.16266666666666668
ECG200,deepsvdd,1.0,0.34,0.2038961038961039,0.45733333333333337,0.15618648018648018
ECG5000,deepsvdd,1.0,0.12511111111111112,0.19283170061435387,0.5691428571428572,0.12074074074074075
ECG5000,deepsvdd,2.0,0.27266666666666667,0.1856472076336106,0.3016330928330927,0.14768694022027354
ECG5000,deepsvdd,3.0,0.8086666666666666,0.037697867564534235,0.03401481481481482,0.04913439153439154
ECG5000,deepsvdd,4.0,0.222,0.046869402674177336,0.033270240870240865,0.1353292633292633
ECG5000,deepsvdd,5.0,0.154,0.007834208615219967,0.004344973544973545,0.04622222222222222
ECGFiveDays,deepsvdd,1.0,0.42044134727061555,0.1650427775863316,0.31098390575742485,0.12573963976403
ECGFiveDays,deepsvdd,2.0,0.3437862950058072,0.33176259022150645,0.34990659102157357,0.3451880678361514
ElectricDevices,deepsvdd,1.0,0.23978731682012708,0.04117312604291816,0.0791470665676346,0.03222225403524846
ElectricDevices,deepsvdd,2.0,0.2572947736999092,0.25631747460519244,0.2536635974581766,0.26572428997535985
ElectricDevices,deepsvdd,3.0,0.10076514070807936,0.06326918570568546,0.0925679804424455,0.05632170967406344
ElectricDevices,deepsvdd,4.0,0.19776942030864997,0.11408263256788487,0.1487362160167244,0.09810272149787129
ElectricDevices,deepsvdd,5.0,0.527687718843211,0.14790481926311566,0.2301844612828921,0.1283211003610433
ElectricDevices,deepsvdd,6.0,0.16846064064323693,0.020979188018388956,0.06493135965318561,0.014048528741824034
ElectricDevices,deepsvdd,7.0,0.5367656594475425,0.051733931793069815,0.071022843062786,0.047464660874076
FaceAll,deepsvdd,1.0,0.49230769230769234,0.012440994764258546,0.03976331360946746,0.007692307692307693
FaceAll,deepsvdd,2.0,0.8449704142011835,0.0052173594445563964,0.028402366863905324,0.0029585798816568047
FaceAll,deepsvdd,3.0,0.4420118343195266,0.06371984739856425,0.0824457593688363,0.05384615384615385
FaceAll,deepsvdd,4.0,0.14142011834319526,0.057274781284042925,0.07473552088936705,0.04862691549082082
FaceAll,deepsvdd,5.0,0.15384615384615385,0.06196865939803938,0.0804446835216066,0.05767258382642997
FaceAll,deepsvdd,6.0,0.7218934911242604,0.021453493497561964,0.0757396449704142,0.013232920925228618
FaceAll,deepsvdd,7.0,0.40236686390532544,0.03652190351715083,0.06469428007889547,0.027928994082840237
FaceAll,deepsvdd,8.0,0.49467455621301776,0.03337910404721184,0.12781065088757396,0.02047183585645124
FaceAll,deepsvdd,9.0,0.25088757396449707,0.007321238471512346,0.0378698224852071,0.004142011834319527
FaceAll,deepsvdd,10.0,0.5822485207100592,0.0070046795838651045,0.028402366863905324,0.004142011834319527
FaceAll,deepsvdd,11.0,0.9585798816568047,0.0,0.0,0.0
FaceAll,deepsvdd,12.0,0.5627218934911242,0.009529334416212244,0.028402366863905324,0.00650887573964497
FaceAll,deepsvdd,13.0,0.6059171597633136,0.05790963713326181,0.15621301775147928,0.037751479289940826
FaceAll,deepsvdd,14.0,0.8266272189349112,0.0025323788637398106,0.007269653423499577,0.0021696252465483235
FaceFour,deepsvdd,1.0,0.3409090909090909,0.0,0.0,0.0
FaceFour,deepsvdd,2.0,0.6136363636363636,0.13376623376623378,0.2121212121212121,0.09870129870129872
FaceFour,deepsvdd,3.0,0.17045454545454544,0.10742721330956626,0.08595041322314051,0.1515151515151515
FaceFour,deepsvdd,4.0,0.4431818181818182,0.21958041958041957,0.17764003673094583,0.33549783549783546
FacesUCR,deepsvdd,1.0,0.37121951219512195,0.026162801967680015,0.015140111920599726,0.10796747967479674
FacesUCR,deepsvdd,2.0,0.7180487804878048,0.0449276035617499,0.037537746806039496,0.06894308943089432
FacesUCR,deepsvdd,3.0,0.15121951219512195,0.03864908565052038,0.022595550790672752,0.17769105691056913
FacesUCR,deepsvdd,4.0,0.3897560975609756,0.0193197804905122,0.011716608594657375,0.06439024390243903
FacesUCR,deepsvdd,5.0,0.5234146341463415,0.042819402819402816,0.027431950163657483,0.11642276422764228
FacesUCR,deepsvdd,6.0,0.6770731707317074,0.050807728856509346,0.04118002322880372,0.09170731707317073
FacesUCR,deepsvdd,7.0,0.7302439024390244,0.10926266145778347,0.07549051490514903,0.239869918699187
FacesUCR,deepsvdd,8.0,0.375609756097561,0.07549859354737404,0.05033723999577656,0.21775609756097555
FacesUCR,deepsvdd,9.0,0.46,0.02120979291710999,0.01316017316017316,0.0624390243902439
FacesUCR,deepsvdd,10.0,0.46,0.002719881744271988,0.0014900221729490023,0.015609756097560976
FacesUCR,deepsvdd,11.0,0.8092682926829269,0.02757723577235772,0.021463414634146343,0.042926829268292686
FacesUCR,deepsvdd,12.0,0.935609756097561,0.05586062717770035,0.06113821138211382,0.06439024390243903
FacesUCR,deepsvdd,13.0,0.22097560975609756,0.18679110386789902,0.11439079078103458,0.6353356562137051
FacesUCR,deepsvdd,14.0,0.8073170731707318,0.010146341463414634,0.009105691056910567,0.014308943089430894
FiftyWords,deepsvdd,1.0,0.210989010989011,0.146020064830666,0.08986486041431098,0.5186813186813187
FiftyWords,deepsvdd,2.0,0.14065934065934066,0.11615597386052937,0.06816568047337276,0.4989010989010989
FiftyWords,deepsvdd,3.0,0.4747252747252747,0.08929053852130774,0.05304029304029305,0.32820512820512815
FiftyWords,deepsvdd,4.0,0.4879120879120879,0.04450562868145286,0.03022755022755023,0.11428571428571428
FiftyWords,deepsvdd,5.0,0.3032967032967033,0.027915166066426574,0.016770921386306002,0.08791208791208792
FiftyWords,deepsvdd,6.0,0.5428571428571428,0.035195280909566626,0.022368742368742367,0.09963369963369964
FiftyWords,deepsvdd,7.0,0.2549450549450549,0.010256410256410256,0.005708577137148565,0.05274725274725275
FiftyWords,deepsvdd,8.0,0.27912087912087913,0.006393606393606394,0.0035164835164835165,0.035164835164835165
FiftyWords,deepsvdd,9.0,0.9010989010989011,0.0,0.0,0.0
FiftyWords,deepsvdd,10.0,0.189010989010989,0.009712192569335427,0.005216761260717305,0.07032967032967033
FiftyWords,deepsvdd,11.0,0.8747252747252747,0.0,0.0,0.0
FiftyWords,deepsvdd,12.0,0.8791208791208791,0.017582417582417582,0.011721611721611722,0.035164835164835165
FiftyWords,deepsvdd,13.0,0.7384615384615385,0.022857142857142857,0.013814756671899528,0.07032967032967033
FiftyWords,deepsvdd,14.0,0.15164835164835164,0.010819949281487743,0.006127206127206127,0.05274725274725275
FiftyWords,deepsvdd,15.0,0.0945054945054945,0.0038461538461538464,0.002197802197802198,0.015384615384615385
FiftyWords,deepsvdd,16.0,0.6395604395604395,0.007814407814407814,0.005023547880690738,0.017582417582417582
FiftyWords,deepsvdd,17.0,0.14505494505494507,0.03214559196459649,0.017205651491365773,0.24615384615384617
FiftyWords,deepsvdd,18.0,0.5912087912087912,0.0,0.0,0.0
FiftyWords,deepsvdd,19.0,0.5318681318681319,0.007814407814407814,0.004395604395604396,0.035164835164835165
FiftyWords,deepsvdd,20.0,0.06813186813186813,0.008532643826761473,0.004688644688644689,0.05274725274725275
FiftyWords,deepsvdd,21.0,0.6373626373626373,0.011721611721611723,0.007032967032967033,0.035164835164835165
FiftyWords,deepsvdd,22.0,0.9098901098901099,0.0,0.0,0.0
FiftyWords,deepsvdd,23.0,0.45054945054945056,0.0,0.0,0.0
FiftyWords,deepsvdd,24.0,0.7978021978021979,0.011721611721611722,0.008791208791208791,0.017582417582417582
FiftyWords,deepsvdd,25.0,0.13626373626373625,0.01834949364361129,0.010130821559392988,0.12087912087912088
FiftyWords,deepsvdd,26.0,0.5010989010989011,0.0,0.0,0.0
FiftyWords,deepsvdd,27.0,0.015384615384615385,0.025080801551389788,0.013333333333333332,0.210989010989011
FiftyWords,deepsvdd,28.0,0.2087912087912088,0.0,0.0,0.0
FiftyWords,deepsvdd,29.0,0.8901098901098901,0.017582417582417582,0.011721611721611722,0.035164835164835165
FiftyWords,deepsvdd,30.0,0.8967032967032967,0.0,0.0,0.0
FiftyWords,deepsvdd,31.0,0.02857142857142857,0.021001221001221,0.011428571428571429,0.14065934065934066
FiftyWords,deepsvdd,32.0,0.004395604395604396,0.0,0.0,0.0
FiftyWords,deepsvdd,33.0,0.1824175824175824,0.0,0.0,0.0
FiftyWords,deepsvdd,34.0,0.4,0.0,0.0,0.0
FiftyWords,deepsvdd,35.0,0.6747252747252748,0.0,0.0,0.0
FiftyWords,deepsvdd,36.0,0.7912087912087912,0.0,0.0,0.0
FiftyWords,deepsvdd,37.0,0.5560439560439561,0.0,0.0,0.0
FiftyWords,deepsvdd,38.0,0.6813186813186813,0.0,0.0,0.0
FiftyWords,deepsvdd,39.0,0.33406593406593404,0.004688644688644689,0.002511773940345369,0.035164835164835165
FiftyWords,deepsvdd,40.0,0.20659340659340658,0.004395604395604396,0.0023443223443223443,0.035164835164835165
FiftyWords,deepsvdd,41.0,0.013186813186813187,0.02482223658694247,0.013186813186813187,0.210989010989011
FiftyWords,deepsvdd,42.0,0.37142857142857144,0.0,0.0,0.0
FiftyWords,deepsvdd,43.0,0.5010989010989011,0.014945054945054947,0.008869701726844583,0.05054945054945055
FiftyWords,deepsvdd,44.0,0.3626373626373626,0.0,0.0,0.0
FiftyWords,deepsvdd,45.0,0.24615384615384617,0.010047095761381478,0.005409974640743872,0.07032967032967033
FiftyWords,deepsvdd,46.0,0.2967032967032967,0.007032967032967032,0.003907203907203907,0.035164835164835165
FiftyWords,deepsvdd,47.0,0.33406593406593404,0.0,0.0,0.0
FiftyWords,deepsvdd,48.0,0.7362637362637363,0.0,0.0,0.0
FiftyWords,deepsvdd,49.0,0.015384615384615385,0.01680672268907563,0.008937728937728937,0.14065934065934066
FiftyWords,deepsvdd,50.0,0.16703296703296702,0.012669683257918552,0.006739926739926739,0.1054945054945055
Fish,deepsvdd,1.0,0.6285714285714286,0.14340136054421768,0.12326530612244899,0.1853061224489796
Fish,deepsvdd,2.0,0.14857142857142858,0.0626326530612245,0.03742124542124542,0.19619047619047617
Fish,deepsvdd,3.0,0.7028571428571428,0.08492063492063492,0.06914285714285714,0.11904761904761904
Fish,deepsvdd,4.0,0.25142857142857145,0.038555729984301415,0.022857142857142857,0.16
Fish,deepsvdd,5.0,0.2571428571428571,0.0789366823652538,0.05116305916305917,0.22095238095238098
Fish,deepsvdd,6.0,0.4342857142857143,0.0987012987012987,0.07091156462585033,0.2257142857142857
Fish,deepsvdd,7.0,0.14857142857142858,0.06304552590266876,0.035834641548927265,0.30476190476190473
FordA,deepsvdd,-1.0,0.4871212121212121,0.35795978369859605,0.4901731601731601,0.305117845117845
FordA,deepsvdd,1.0,0.3053030303030303,0.30656730391602305,0.3058260258260258,0.33672125853944024
FordB,deepsvdd,-1.0,0.5790123456790124,0.5669817083416441,0.5725474525474527,0.5858450465857874
FordB,deepsvdd,1.0,0.36049382716049383,0.1727881446399965,0.27191064079952965,0.13851103628881412
GunPoint,deepsvdd,1.0,0.29333333333333333,0.11479365079365081,0.13428571428571429,0.10074074074074074
GunPoint,deepsvdd,2.0,0.5533333333333333,0.1654179894179894,0.64,0.09645909645909645
Ham,deepsvdd,1.0,0.5142857142857142,0.18163503998090466,0.45714285714285713,0.11428571428571428
Ham,deepsvdd,2.0,0.45714285714285713,0.07871148459383755,0.3904761904761905,0.047619047619047616
HandOutlines,deepsvdd,0.0,0.6108108108108108,0.5122033451445216,0.46566070566070566,0.6077391677391678
HandOutlines,deepsvdd,1.0,0.3216216216216216,0.3932062608223598,0.4584844584844584,0.36590808590808593
Haptics,deepsvdd,1.0,0.5681818181818182,0.2275219729765184,0.1888682745825603,0.36116264687693256
Haptics,deepsvdd,2.0,0.5422077922077922,0.13255748580423904,0.11354359925788499,0.1810760667903525
Haptics,deepsvdd,3.0,0.42207792207792205,0.23771167649982333,0.16874467523818173,0.43982683982683973
Haptics,deepsvdd,4.0,0.44805194805194803,0.22442665559548677,0.1620565581604543,0.4314162028447742
Haptics,deepsvdd,5.0,0.6136363636363636,0.19511599511599512,0.17272727272727276,0.2398268398268398
Herring,deepsvdd,1.0,0.421875,0.17045454545454547,0.41666666666666663,0.10833333333333334
Herring,deepsvdd,2.0,0.578125,0.16111111111111112,0.3333333333333333,0.10714285714285714
InlineSkate,deepsvdd,1.0,0.8709090909090909,0.058181818181818175,0.06303030303030302,0.055757575757575756
InlineSkate,deepsvdd,2.0,0.6690909090909091,0.18085845467663647,0.16722077922077921,0.27703896103896103
InlineSkate,deepsvdd,3.0,0.4490909090909091,0.15009609285545114,0.1084098124098124,0.28218181818181814
InlineSkate,deepsvdd,4.0,0.35818181818181816,0.2509688671399901,0.16441723932633018,0.651982683982684
InlineSkate,deepsvdd,5.0,0.6672727272727272,0.15321841794569066,0.16193939393939394,0.20460606060606062
InlineSkate,deepsvdd,6.0,0.72,0.07909956709956709,0.0993939393939394,0.07951515151515151
InlineSkate,deepsvdd,7.0,0.7,0.11994437885346976,0.08470995670995671,0.24969696969696967
InsectWingbeatSound,deepsvdd,1.0,0.5353535353535354,0.11643210160144203,0.07942762063974185,0.2826936026936027
InsectWingbeatSound,deepsvdd,2.0,0.8106060606060606,0.08342472342472344,0.08215488215488215,0.09656565656565658
InsectWingbeatSound,deepsvdd,3.0,0.4409090909090909,0.10261756201150138,0.0643689419446995,0.3185185185185185
InsectWingbeatSound,deepsvdd,4.0,0.5161616161616162,0.10549118670330787,0.06917836372381828,0.2821548821548821
InsectWingbeatSound,deepsvdd,5.0,0.8717171717171717,0.04767676767676767,0.0632996632996633,0.0430976430976431
InsectWingbeatSound,deepsvdd,6.0,0.8045454545454546,0.051672278338945006,0.05535353535353535,0.0632996632996633
InsectWingbeatSound,deepsvdd,7.0,0.6202020202020202,0.05402714008774615,0.03901875901875902,0.11744107744107746
InsectWingbeatSound,deepsvdd,8.0,0.6494949494949495,0.08627982567376506,0.07204745871412538,0.15986531986531988
InsectWingbeatSound,deepsvdd,9.0,0.7080808080808081,0.05899106505167112,0.048629148629148626,0.08808080808080809
InsectWingbeatSound,deepsvdd,10.0,0.8666666666666667,0.02478114478114478,0.03636363636363636,0.02383838383838384
InsectWingbeatSound,deepsvdd,11.0,0.2398989898989899,0.06943788369813327,0.04210390619481528,0.25511784511784513
ItalyPowerDemand,deepsvdd,1.0,0.4382896015549077,0.5815030051066147,0.46062177213780703,0.8287161494158576
ItalyPowerDemand,deepsvdd,2.0,0.5665694849368319,0.3377554689219204,0.6394650377157665,0.24430419488728522
LargeKitchenAppliances,deepsvdd,1.0,0.23733333333333334,0.18187280339628167,0.33185185185185184,0.1323076923076923
LargeKitchenAppliances,deepsvdd,2.0,0.328,0.06315195713585807,0.2257777777777778,0.047822222222222224
LargeKitchenAppliances,deepsvdd,3.0,0.616,0.14069798381872686,0.3429333333333333,0.09866666666666667
Lightning2,deepsvdd,-1.0,0.4918032786885246,0.10564663023679417,0.36885245901639346,0.063231850117096
Lightning2,deepsvdd,1.0,0.6229508196721312,0.5524590163934425,0.8278688524590164,0.43144560357675116
Lightning7,deepsvdd,0.0,0.6438356164383562,0.2648401826484018,0.2100456621004566,0.410958904109589
Lightning7,deepsvdd,1.0,0.4931506849315068,0.06743940990516334,0.0547945205479452,0.08767123287671233
Lightning7,deepsvdd,2.0,0.4657534246575342,0.06262230919765167,0.039850560398505604,0.1461187214611872
Lightning7,deepsvdd,3.0,0.4657534246575342,0.03652968036529681,0.021917808219178082,0.1095890410958904
Lightning7,deepsvdd,4.0,0.0821917808219178,0.0257856567284448,0.015655577299412915,0.0730593607305936
Lightning7,deepsvdd,5.0,0.2602739726027397,0.150293542074364,0.10803929708039299,0.2593607305936073
Lightning7,deepsvdd,6.0,0.8082191780821918,0.23483365949119378,0.3287671232876712,0.19726027397260273
Mallat,deepsvdd,1.0,0.11130063965884861,0.028983019154849073,0.01779847255327,0.09786171184891868
Mallat,deepsvdd,2.0,0.1628997867803838,0.06571403372607436,0.040841773720238526,0.2108315565031983
Mallat,deepsvdd,3.0,0.1253731343283582,0.08316706826545947,0.05103044787479752,0.2965742714996447
Mallat,deepsvdd,4.0,0.13560767590618336,0.06325242298150867,0.03921052768600744,0.23276474769012073
Mallat,deepsvdd,5.0,0.1257995735607676,0.21395840185201595,0.12585643212508885,0.9044776119402985
Mallat,deepsvdd,6.0,0.10660980810234541,0.12756893278390158,0.0762354063846601,0.5009564422784037
Mallat,deepsvdd,7.0,0.4639658848614073,0.04179356298759284,0.029052018817477245,0.0962046908315565
Mallat,deepsvdd,8.0,0.16417910447761194,0.09316125040061742,0.05632440054614891,0.3413788201847904
Meat,deepsvdd,1.0,0.23333333333333334,0.08421052631578947,0.26666666666666666,0.05
Meat,deepsvdd,2.0,0.6833333333333333,0.3031578947368421,0.380952380952381,0.2555555555555556
Meat,deepsvdd,3.0,0.35,0.3272727272727272,0.3142857142857143,0.36666666666666664
MedicalImages,deepsvdd,1.0,0.5605263157894737,0.15039720513404725,0.10319131161236425,0.34631578947368424
MedicalImages,deepsvdd,2.0,0.44473684210526315,0.016108452950558214,0.010526315789473684,0.04912280701754386
MedicalImages,deepsvdd,3.0,0.6381578947368421,0.04048197416618469,0.026165413533834586,0.10175438596491228
MedicalImages,deepsvdd,4.0,0.8342105263157895,0.059398496240601506,0.05283208020050125,0.11228070175438598
MedicalImages,deepsvdd,5.0,0.3473684210526316,0.01346443030653557,0.008304093567251461,0.05263157894736842
MedicalImages,deepsvdd,6.0,0.8355263157894737,0.03508771929824561,0.024561403508771926,0.06315789473684211
MedicalImages,deepsvdd,7.0,0.9144736842105263,0.0,0.0,0.0
MedicalImages,deepsvdd,8.0,0.06447368421052632,0.026247972873359872,0.014000385579332947,0.21052631578947367
MedicalImages,deepsvdd,9.0,0.8907894736842106,0.04,0.05263157894736842,0.03684210526315789
MedicalImages,deepsvdd,10.0,0.4342105263157895,0.2435088922085826,0.38308270676691725,0.19757347915242654
MiddlePhalanxOutlineAgeGroup,deepsvdd,1.0,0.7077922077922078,0.025974025974025976,0.05194805194805195,0.017316017316017316
MiddlePhalanxOutlineAgeGroup,deepsvdd,2.0,0.4090909090909091,0.09235209235209235,0.38961038961038963,0.05616461460617304
MiddlePhalanxOutlineAgeGroup,deepsvdd,3.0,0.4025974025974026,0.24783026158121652,0.16505875077303647,0.6164502164502165
MiddlePhalanxOutlineCorrect,deepsvdd,0.0,0.422680412371134,0.5467069838366313,0.41957629998867113,0.8836524300441827
MiddlePhalanxOutlineCorrect,deepsvdd,1.0,0.570446735395189,0.7064402441018355,0.5690192968543484,0.9713631156930127
MiddlePhalanxTW,deepsvdd,3.0,0.474025974025974,0.04566861709718852,0.03636363636363636,0.06926406926406926
MiddlePhalanxTW,deepsvdd,4.0,0.6168831168831169,0.30930454826558723,0.33048855905998764,0.35209235209235207
MiddlePhalanxTW,deepsvdd,5.0,0.6883116883116883,0.09721706864564009,0.0761904761904762,0.13852813852813853
MiddlePhalanxTW,deepsvdd,6.0,0.5844155844155844,0.0,0.0,0.0
MiddlePhalanxTW,deepsvdd,7.0,0.7792207792207793,0.09350649350649351,0.0606060606060606,0.2077922077922078
MiddlePhalanxTW,deepsvdd,8.0,0.07792207792207792,0.1276631864867159,0.10698306022981346,0.2407825940293473
MoteStrain,deepsvdd,1.0,0.4504792332268371,0.0655690067830643,0.24707135250266238,0.03895749263161404
MoteStrain,deepsvdd,2.0,0.5535143769968051,0.0625165391938555,0.25559105431309903,0.03608241244023992
NonInvasiveFetalECGThorax1,deepsvdd,1.0,0.4498727735368957,0.009203485234019586,0.00589390818398452,0.03256997455470738
NonInvasiveFetalECGThorax1,deepsvdd,2.0,0.4895674300254453,0.001628498727735369,0.0010178117048346056,0.004071246819338422
NonInvasiveFetalECGThorax1,deepsvdd,3.0,0.2549618320610687,0.0131681719467979,0.007454146080100279,0.06378286683630195
NonInvasiveFetalECGThorax1,deepsvdd,4.0,0.40050890585241733,0.0038963580948313775,0.0022096083164785453,0.020356234096692113
NonInvasiveFetalECGThorax1,deepsvdd,5.0,0.2681933842239186,0.014939021961922726,0.008382186092109755,0.08006785411365565
NonInvasiveFetalECGThorax1,deepsvdd,6.0,0.23969465648854962,0.002338357147517453,0.0013218333829020852,0.012213740458015267
NonInvasiveFetalECGThorax1,deepsvdd,7.0,0.021374045801526718,0.02198606329724426,0.011840542832909244,0.1669211195928753
NonInvasiveFetalECGThorax1,deepsvdd,8.0,0.11246819338422392,0.011245536382491927,0.006046099786557801,0.08549618320610687
NonInvasiveFetalECGThorax1,deepsvdd,9.0,0.35419847328244275,0.006124268719688567,0.003392705682782018,0.03256997455470738
NonInvasiveFetalECGThorax1,deepsvdd,10.0,0.20661577608142492,0.003501570524471288,0.0018864934895469246,0.024427480916030534
NonInvasiveFetalECGThorax1,deepsvdd,11.0,0.1435114503816794,0.009534928475206875,0.005197923365862298,0.06513994910941476
NonInvasiveFetalECGThorax1,deepsvdd,12.0,0.0727735368956743,0.02843163389189433,0.01534211335738053,0.20763358778625954
NonInvasiveFetalECGThorax1,deepsvdd,13.0,0.12366412213740458,0.004302178886821904,0.0024293263987920474,0.020356234096692113
NonInvasiveFetalECGThorax1,deepsvdd,14.0,0.20508905852417303,0.011804498450210171,0.0064722046401435715,0.0732824427480916
NonInvasiveFetalECGThorax1,deepsvdd,15.0,0.5226463104325699,0.002035623409669211,0.0013570822731128074,0.004071246819338422
NonInvasiveFetalECGThorax1,deepsvdd,16.0,0.05597964376590331,0.00701292221723295,0.003854262785560495,0.044783715012722644
NonInvasiveFetalECGThorax1,deepsvdd,17.0,0.2178117048346056,0.01758401920054367,0.009807450112793624,0.09770992366412214
NonInvasiveFetalECGThorax1,deepsvdd,18.0,0.12417302798982188,0.010688448407352762,0.0058183038335710095,0.0732824427480916
NonInvasiveFetalECGThorax1,deepsvdd,19.0,0.11603053435114503,0.0119810977826245,0.006655668335057648,0.06921119592875317
NonInvasiveFetalECGThorax1,deepsvdd,20.0,0.13078880407124682,0.0,0.0,0.0
NonInvasiveFetalECGThorax1,deepsvdd,21.0,0.18625954198473282,0.0049700935197118405,0.002745481829451295,0.028498727735368958
NonInvasiveFetalECGThorax1,deepsvdd,22.0,0.23256997455470738,0.007914851201784296,0.004334088303553952,0.04885496183206107
NonInvasiveFetalECGThorax1,deepsvdd,23.0,0.09770992366412214,0.008163306034882146,0.00449887686528908,0.051399491094147584
NonInvasiveFetalECGThorax1,deepsvdd,24.0,0.05597964376590331,0.011930349748041712,0.006584085973398951,0.07599660729431722
NonInvasiveFetalECGThorax1,deepsvdd,25.0,0.020356234096692113,0.0068851968268223325,0.0037319762510602205,0.04885496183206107
NonInvasiveFetalECGThorax1,deepsvdd,26.0,0.2173027989821883,0.024642686555573844,0.01370968302266012,0.14249363867684478
NonInvasiveFetalECGThorax1,deepsvdd,27.0,0.6147582697201018,0.004885496183206107,0.0029403449250777493,0.01628498727735369
NonInvasiveFetalECGThorax1,deepsvdd,28.0,0.06310432569974554,0.019870611518568414,0.010800734464856602,0.13842239185750635
NonInvasiveFetalECGThorax1,deepsvdd,29.0,0.16590330788804072,0.001085665818490246,0.0005816066884769174,0.008142493638676845
NonInvasiveFetalECGThorax1,deepsvdd,30.0,0.50941475826972,0.01125144575526255,0.006659396583060705,0.04342663273960984
NonInvasiveFetalECGThorax1,deepsvdd,31.0,0.1089058524173028,0.002035623409669211,0.0011244395977220406,0.012213740458015267
NonInvasiveFetalECGThorax1,deepsvdd,32.0,0.3511450381679389,0.007618640901083652,0.004361643445612911,0.03256997455470738
NonInvasiveFetalECGThorax1,deepsvdd,33.0,0.019338422391857506,0.01714979460825891,0.00929601357082273,0.12213740458015267
NonInvasiveFetalECGThorax1,deepsvdd,34.0,0.35877862595419846,0.0,0.0,0.0
NonInvasiveFetalECGThorax1,deepsvdd,35.0,0.4916030534351145,0.0,0.0,0.0
NonInvasiveFetalECGThorax1,deepsvdd,36.0,0.7862595419847328,0.0,0.0,0.0
NonInvasiveFetalECGThorax1,deepsvdd,37.0,0.010687022900763359,0.020010311164330025,0.01089058524173028,0.13842239185750635
NonInvasiveFetalECGThorax1,deepsvdd,38.0,0.45190839694656487,0.002881190056762576,0.001696352841391009,0.012213740458015267
NonInvasiveFetalECGThorax1,deepsvdd,39.0,0.15267175572519084,0.005545176771041163,0.0029770060304411443,0.04071246819338423
NonInvasiveFetalECGThorax1,deepsvdd,40.0,0.1251908396946565,0.012619680872936374,0.006839843786408671,0.08956743002544529
NonInvasiveFetalECGThorax1,deepsvdd,41.0,0.17964376590330788,0.009184166130731017,0.005048590086758026,0.056997455470737916
NonInvasiveFetalECGThorax1,deepsvdd,42.0,0.3083969465648855,0.0,0.0,0.0
NonInvasiveFetalECGThorax2,deepsvdd,1.0,0.13944020356234096,0.01821736014820882,0.010456413815192439,0.09974554707379135
NonInvasiveFetalECGThorax2,deepsvdd,2.0,0.061068702290076333,0.019996911402389624,0.010874553775317134,0.1396098388464801
NonInvasiveFetalECGThorax2,deepsvdd,3.0,0.43256997455470736,0.0013570822731128077,0.0008142493638676845,0.004071246819338422
NonInvasiveFetalECGThorax2,deepsvdd,4.0,0.11094147582697202,0.008470886495134363,0.004600658035772539,0.056997455470737916
NonInvasiveFetalECGThorax2,deepsvdd,5.0,0.12061068702290076,0.007625319848040998,0.004385786675863011,0.039355385920271414
NonInvasiveFetalECGThorax2,deepsvdd,6.0,0.12468193384223919,0.0031988367866230467,0.0018342980175041245,0.014927905004240882
NonInvasiveFetalECGThorax2,deepsvdd,7.0,0.08498727735368956,0.0031389655098680697,0.0016780844261760292,0.024427480916030534
NonInvasiveFetalECGThorax2,deepsvdd,8.0,0.1430025445292621,0.007640671457465351,0.004141337881795897,0.05292620865139949
NonInvasiveFetalECGThorax2,deepsvdd,9.0,0.24478371501272264,0.020022860938891468,0.011224014888137023,0.11128074639525022
NonInvasiveFetalECGThorax2,deepsvdd,10.0,0.1623409669211196,0.004352356718768932,0.0023323919507125613,0.03256997455470738
NonInvasiveFetalECGThorax2,deepsvdd,11.0,0.2910941475826972,0.0027331447178775424,0.0014927905004240884,0.01628498727735369
NonInvasiveFetalECGThorax2,deepsvdd,12.0,0.0544529262086514,0.01662691879126545,0.009005210226584274,0.11806615776081425
NonInvasiveFetalECGThorax2,deepsvdd,13.0,0.2407124681933842,0.014960713586667783,0.008458829832875634,0.0732824427480916
NonInvasiveFetalECGThorax2,deepsvdd,14.0,0.11806615776081425,0.01511142252947372,0.008245189924579238,0.10178117048346055
NonInvasiveFetalECGThorax2,deepsvdd,15.0,0.327735368956743,0.0058231166628113186,0.003318389272587746,0.028498727735368958
NonInvasiveFetalECGThorax2,deepsvdd,16.0,0.03918575063613232,0.009201930135922054,0.005075636831362022,0.056997455470737916
NonInvasiveFetalECGThorax2,deepsvdd,17.0,0.16743002544529262,0.007735368956743003,0.00419705824285977,0.05292620865139949
NonInvasiveFetalECGThorax2,deepsvdd,18.0,0.007633587786259542,0.012500267282485515,0.006866593965830606,0.08337574215436812
NonInvasiveFetalECGThorax2,deepsvdd,19.0,0.0905852417302799,0.008988674350147184,0.004901154824818947,0.061068702290076333
NonInvasiveFetalECGThorax2,deepsvdd,20.0,0.11959287531806616,0.018898050510084634,0.010411268121191782,0.11806615776081425
NonInvasiveFetalECGThorax2,deepsvdd,21.0,0.058524173027989825,0.00401935837948411,0.0021422513025566455,0.03256997455470738
NonInvasiveFetalECGThorax2,deepsvdd,22.0,0.0910941475826972,0.0010178117048346056,0.000542832909245123,0.008142493638676845
NonInvasiveFetalECGThorax2,deepsvdd,23.0,0.00916030534351145,0.01335176988522296,0.00726039016115352,0.09211195928753181
NonInvasiveFetalECGThorax2,deepsvdd,24.0,0.02544529262086514,0.008928803073392208,0.004910848269626896,0.059711620016963535
NonInvasiveFetalECGThorax2,deepsvdd,25.0,0.009669211195928753,0.011495285136955547,0.006208651399491094,0.08549618320610687
NonInvasiveFetalECGThorax2,deepsvdd,26.0,0.1669211195928753,0.001163213376953835,0.0006263456645136035,0.008142493638676845
NonInvasiveFetalECGThorax2,deepsvdd,27.0,0.40610687022900765,0.013655420067633806,0.0079188439493783,0.056997455470737916
NonInvasiveFetalECGThorax2,deepsvdd,28.0,0.2860050890585242,0.020301733889520147,0.011336404618847365,0.1099236641221374
NonInvasiveFetalECGThorax2,deepsvdd,29.0,0.1633587786259542,0.003256997455470738,0.0018342980175041245,0.01628498727735369
NonInvasiveFetalECGThorax2,deepsvdd,30.0,0.5587786259541985,0.0014804533888503355,0.0008142493638676845,0.008142493638676845
NonInvasiveFetalECGThorax2,deepsvdd,31.0,0.2035623409669211,0.001163213376953835,0.0006263456645136035,0.008142493638676845
NonInvasiveFetalECGThorax2,deepsvdd,32.0,0.29363867684478373,0.014294780706994447,0.008128574846132098,0.06785411365564037
NonInvasiveFetalECGThorax2,deepsvdd,33.0,0.037659033078880404,0.008098588035723196,0.0044055774590125735,0.05547073791348601
NonInvasiveFetalECGThorax2,deepsvdd,34.0,0.3094147582697201,0.0026097736021400146,0.0014187678309815716,0.01628498727735369
NonInvasiveFetalECGThorax2,deepsvdd,35.0,0.10178117048346055,0.004147083769894726,0.002298464893884741,0.02714164546225615
NonInvasiveFetalECGThorax2,deepsvdd,36.0,0.8519083969465648,0.0,0.0,0.0
NonInvasiveFetalECGThorax2,deepsvdd,37.0,0.1638676844783715,0.01408985333547525,0.007853723884258234,0.07735368956743002
NonInvasiveFetalECGThorax2,deepsvdd,38.0,0.22900763358778625,0.005115156260194428,0.0029855810008481763,0.023070398642917725
NonInvasiveFetalECGThorax2,deepsvdd,39.0,0.44681933842239185,0.007470595562198615,0.004297427198190557,0.03256997455470738
NonInvasiveFetalECGThorax2,deepsvdd,40.0,0.2361323155216285,0.008070285250348115,0.00435103488538603,0.056997455470737916
NonInvasiveFetalECGThorax2,deepsvdd,41.0,0.16132315521628499,0.0,0.0,0.0
NonInvasiveFetalECGThorax2,deepsvdd,42.0,0.594910941475827,0.0,0.0,0.0
OliveOil,deepsvdd,1.0,0.2,0.23703703703703702,0.1641025641025641,0.4266666666666667
OliveOil,deepsvdd,2.0,0.5333333333333333,0.07619047619047618,0.10666666666666667,0.059259259259259255
OliveOil,deepsvdd,3.0,0.3,0.10666666666666667,0.06666666666666667,0.26666666666666666
OliveOil,deepsvdd,4.0,0.5333333333333333,0.18666666666666668,0.4666666666666667,0.11666666666666667
OSULeaf,deepsvdd,1.0,0.40082644628099173,0.17246995428813608,0.10927199522240845,0.45179063360881544
OSULeaf,deepsvdd,2.0,0.5578512396694215,0.10945821854912764,0.08878394332939787,0.1542699724517906
OSULeaf,deepsvdd,3.0,0.28512396694214875,0.3026238920412857,0.18925518925518922,0.9454545454545455
OSULeaf,deepsvdd,4.0,0.5413223140495868,0.09618260527351437,0.08382526564344746,0.11983471074380164
OSULeaf,deepsvdd,5.0,0.359504132231405,0.11233284621714373,0.07807380865232105,0.31090121999212916
OSULeaf,deepsvdd,6.0,0.5206611570247934,0.11365604092876821,0.08039068369646882,0.30192837465564737
PhalangesOutlinesCorrect,deepsvdd,0.0,0.3916083916083916,0.43999595935305574,0.35251027139139035,0.7084639266457449
PhalangesOutlinesCorrect,deepsvdd,1.0,0.5536130536130536,0.6391575249280061,0.6401147415133428,0.7198408946660694
Phoneme,deepsvdd,1.0,0.82542194092827,0.0052791862173842815,0.02531645569620253,0.0029887482419127987
Phoneme,deepsvdd,2.0,0.6666666666666666,0.002868095198698326,0.012658227848101266,0.0017329716696805305
Phoneme,deepsvdd,3.0,0.5659282700421941,0.036641149908775414,0.10910186859553948,0.023098561073244615
Phoneme,deepsvdd,4.0,0.8333333333333334,0.009885473176612418,0.014064697609001408,0.009845288326300983
Phoneme,deepsvdd,5.0,0.004219409282700422,0.005625879043600563,0.004219409282700422,0.008438818565400843
Phoneme,deepsvdd,6.0,0.2626582278481013,0.01230226547840892,0.014320419383710523,0.014662447257383967
Phoneme,deepsvdd,7.0,0.5142405063291139,0.003922947519373432,0.01758087201125176,0.003691983122362869
Phoneme,deepsvdd,8.0,0.0058016877637130804,0.006876074386622909,0.0058016877637130804,0.008438818565400843
Phoneme,deepsvdd,9.0,0.7616033755274262,0.005736190397396652,0.03375527426160337,0.0031645569620253164
Phoneme,deepsvdd,10.0,0.0010548523206751054,0.0018752930145335208,0.0010548523206751054,0.008438818565400843
Phoneme,deepsvdd,11.0,0.5627637130801688,0.011518247094529576,0.030942334739803092,0.007149554617909048
Phoneme,deepsvdd,12.0,0.6877637130801688,0.015784145530980974,0.029535864978902954,0.01132710468153506
Phoneme,deepsvdd,13.0,0.8755274261603375,0.0009928021841648052,0.008438818565400843,0.0005274261603375527
Phoneme,deepsvdd,14.0,0.8475738396624473,0.0034038932028507608,0.016877637130801686,0.0019338959212376933
Phoneme,deepsvdd,15.0,0.29377637130801687,0.010710808179162609,0.010710808179162609,0.010710808179162609
Phoneme,deepsvdd,16.0,0.29324894514767935,0.005657844265439201,0.005712431028886725,0.007032348804500703
Phoneme,deepsvdd,17.0,0.7162447257383966,0.008088072004284725,0.029535864978902954,0.004822182037371911
Phoneme,deepsvdd,18.0,0.8781645569620253,0.017258454033937044,0.0379746835443038,0.011368963900609472
Phoneme,deepsvdd,19.0,0.15770042194092826,0.008604285596094977,0.007454289732770745,0.010180162078896255
Phoneme,deepsvdd,20.0,0.4430379746835443,0.01606035290245817,0.03950901419255849,0.014366083986337149
Phoneme,deepsvdd,21.0,0.6165611814345991,0.02517242887976125,0.06540084388185655,0.015836308557827545
Phoneme,deepsvdd,22.0,0.3169831223628692,0.020187725195980562,0.03164556962025317,0.014970788704965921
Phoneme,deepsvdd,23.0,0.48364978902953587,0.017184476870176598,0.061884669479606184,0.010147318691622489
Phoneme,deepsvdd,24.0,0.47732067510548526,0.005087517412634002,0.007735583684950773,0.0038021050679278526
Phoneme,deepsvdd,25.0,0.7663502109704642,0.008237894313843681,0.014064697609001406,0.006012658227848101
Phoneme,deepsvdd,26.0,0.0015822784810126582,0.002664890073284477,0.0015822784810126582,0.008438818565400843
Phoneme,deepsvdd,27.0,0.5532700421940928,0.015183202414903023,0.026371308016877638,0.01230661040787623
Phoneme,deepsvdd,28.0,0.6366033755274262,0.011308655522317001,0.047819971870604785,0.007104475458905839
Phoneme,deepsvdd,29.0,0.5580168776371308,0.03609887501785656,0.06047819971870605,0.027250351617440223
Phoneme,deepsvdd,30.0,0.1809071729957806,0.00655972941116179,0.011251758087201125,0.007911392405063292
Phoneme,deepsvdd,31.0,0.6033755274261603,0.0167932674183409,0.05907172995780591,0.010260836210203298
Phoneme,deepsvdd,32.0,0.004219409282700422,0.005625879043600563,0.004219409282700422,0.008438818565400843
Phoneme,deepsvdd,33.0,0.0026371308016877636,0.0043683296103251435,0.0026371308016877636,0.016877637130801686
Phoneme,deepsvdd,34.0,0.2505274261603376,0.008720112517580871,0.010900140646976088,0.007266760431317394
Phoneme,deepsvdd,35.0,0.48628691983122363,0.0018752930145335208,0.008438818565400843,0.0010548523206751054
Phoneme,deepsvdd,36.0,0.4572784810126582,0.004581072935503316,0.006469760900140647,0.0045207956600361665
Phoneme,deepsvdd,37.0,0.006856540084388186,0.008226075240222671,0.006856540084388186,0.016877637130801686
Phoneme,deepsvdd,38.0,0.6993670886075949,0.0028129395218002818,0.008438818565400843,0.0016877637130801688
Phoneme,deepsvdd,39.0,0.0005274261603375527,0.0009376465072667604,0.0005274261603375527,0.004219409282700422
Plane,deepsvdd,1.0,0.13333333333333333,0.021768707482993196,0.012698412698412698,0.0761904761904762
Plane,deepsvdd,2.0,0.09523809523809523,0.01904761904761905,0.010884353741496598,0.0761904761904762
Plane,deepsvdd,3.0,0.3523809523809524,0.12820856392284963,0.09036075036075036,0.3349206349206349
Plane,deepsvdd,4.0,0.0,0.0,0.0,0.0
Plane,deepsvdd,5.0,0.08571428571428572,0.1545845004668534,0.09224489795918368,0.5365079365079365
Plane,deepsvdd,6.0,0.09523809523809523,0.13377233934509475,0.08072562358276644,0.41904761904761906
Plane,deepsvdd,7.0,0.18095238095238095,0.11489040060468632,0.06639075210503781,0.5333333333333333
ProximalPhalanxOutlineAgeGroup,deepsvdd,1.0,0.2048780487804878,0.09251821349382323,0.06353971232020013,0.20682926829268292
ProximalPhalanxOutlineAgeGroup,deepsvdd,2.0,0.18536585365853658,0.16932249322493226,0.3804878048780488,0.2946663093004556
ProximalPhalanxOutlineAgeGroup,deepsvdd,3.0,0.2,0.2865826145294544,0.48596769084573965,0.4821032625910675
ProximalPhalanxOutlineCorrect,deepsvdd,0.0,0.3127147766323024,0.42312775314313356,0.3111111111111111,0.8088692521682213
ProximalPhalanxOutlineCorrect,deepsvdd,1.0,0.697594501718213,0.7942428337387659,0.6955678914441801,0.9938907980145094
ProximalPhalanxTW,deepsvdd,3.0,0.06829268292682927,0.009182209469153515,0.004878048780487805,0.07804878048780488
ProximalPhalanxTW,deepsvdd,4.0,0.17560975609756097,0.24248890399120712,0.19671288061531964,0.4411741104424032
ProximalPhalanxTW,deepsvdd,5.0,0.3073170731707317,0.0782155513862831,0.055318340196388975,0.2065040650406504
ProximalPhalanxTW,deepsvdd,6.0,0.3170731707317073,0.056120789779326365,0.03168213899921217,0.2731707317073171
ProximalPhalanxTW,deepsvdd,7.0,0.3121951219512195,0.10111310656504345,0.0658853341780171,0.2861788617886179
ProximalPhalanxTW,deepsvdd,8.0,0.2731707317073171,0.40421494700565835,0.2976574644867328,0.6479907084785134
RefrigerationDevices,deepsvdd,1.0,0.31466666666666665,0.27425780475655537,0.3314871794871795,0.2408205128205128
RefrigerationDevices,deepsvdd,2.0,0.5093333333333333,0.2537425097696745,0.35413333333333336,0.232
RefrigerationDevices,deepsvdd,3.0,0.6293333333333333,0.09855046147752031,0.27466666666666667,0.06933333333333333
ScreenType,deepsvdd,1.0,0.608,0.04539956427015251,0.256,0.02523076923076923
ScreenType,deepsvdd,2.0,0.6053333333333333,0.11832310684484598,0.2986666666666667,0.07733333333333334
ScreenType,deepsvdd,3.0,0.5706666666666667,0.08361724772288778,0.21333333333333335,0.06044444444444444
ShapeletSim,deepsvdd,0.0,0.2777777777777778,0.02091503267973856,0.17777777777777778,0.011111111111111112
ShapeletSim,deepsvdd,1.0,0.12222222222222222,0.11177923021060275,0.4444444444444444,0.06666666666666667
ShapesAll,deepsvdd,1.0,0.145,0.008421052631578947,0.008888888888888889,0.008
ShapesAll,deepsvdd,2.0,0.7616666666666667,0.008888888888888889,0.013333333333333334,0.006666666666666667
ShapesAll,deepsvdd,3.0,0.09,0.011228070175438597,0.011851851851851851,0.010666666666666668
ShapesAll,deepsvdd,4.0,0.9616666666666667,0.005925925925925926,0.02666666666666667,0.0033333333333333335
ShapesAll,deepsvdd,5.0,0.6483333333333333,0.012444444444444445,0.010952380952380951,0.02
ShapesAll,deepsvdd,6.0,0.7,0.0,0.0,0.0
ShapesAll,deepsvdd,7.0,0.3516666666666667,0.008421052631578947,0.006153846153846154,0.013333333333333334
ShapesAll,deepsvdd,8.0,0.23833333333333334,0.0,0.0,0.0
ShapesAll,deepsvdd,9.0,0.785,0.0,0.0,0.0
ShapesAll,deepsvdd,10.0,0.2916666666666667,0.0033333333333333335,0.0022222222222222222,0.006666666666666667
ShapesAll,deepsvdd,11.0,0.08333333333333333,0.006274509803921568,0.007619047619047619,0.005333333333333334
ShapesAll,deepsvdd,12.0,0.04,0.006470588235294118,0.004867724867724867,0.016666666666666666
ShapesAll,deepsvdd,13.0,0.5433333333333333,0.010666666666666668,0.02666666666666667,0.006666666666666667
ShapesAll,deepsvdd,14.0,0.7666666666666667,0.0048484848484848485,0.02666666666666667,0.002666666666666667
ShapesAll,deepsvdd,15.0,0.051666666666666666,0.014346978557504872,0.009963369963369963,0.02666666666666667
ShapesAll,deepsvdd,16.0,0.006666666666666667,0.0059259259259259265,0.006666666666666667,0.005333333333333334
ShapesAll,deepsvdd,17.0,0.6883333333333334,0.00761904761904762,0.013333333333333334,0.005333333333333334
ShapesAll,deepsvdd,18.0,0.215,0.012592592592592593,0.008888888888888889,0.02222222222222222
ShapesAll,deepsvdd,19.0,0.5733333333333334,0.004102564102564102,0.008888888888888889,0.002666666666666667
ShapesAll,deepsvdd,20.0,0.0033333333333333335,0.006274509803921568,0.00474074074074074,0.016666666666666666
ShapesAll,deepsvdd,21.0,0.665,0.021333333333333336,0.017777777777777778,0.02666666666666667
ShapesAll,deepsvdd,22.0,0.3333333333333333,0.0,0.0,0.0
ShapesAll,deepsvdd,23.0,0.37166666666666665,0.019340659340659344,0.014476190476190478,0.031111111111111114
ShapesAll,deepsvdd,24.0,0.5416666666666666,0.0048484848484848485,0.02666666666666667,0.002666666666666667
ShapesAll,deepsvdd,25.0,0.8266666666666667,0.0,0.0,0.0
ShapesAll,deepsvdd,26.0,0.5116666666666667,0.019393939393939394,0.018285714285714287,0.02222222222222222
ShapesAll,deepsvdd,27.0,0.22666666666666666,0.009411764705882352,0.011428571428571429,0.008
ShapesAll,deepsvdd,28.0,0.22166666666666668,0.009735449735449736,0.007555555555555555,0.02
ShapesAll,deepsvdd,29.0,0.006666666666666667,0.011851851851851851,0.008666666666666666,0.03333333333333333
ShapesAll,deepsvdd,30.0,0.305,0.0,0.0,0.0
ShapesAll,deepsvdd,31.0,0.135,0.013333333333333334,0.013333333333333334,0.013333333333333334
ShapesAll,deepsvdd,32.0,0.08666666666666667,0.0,0.0,0.0
ShapesAll,deepsvdd,33.0,0.03666666666666667,0.013544973544973544,0.00977777777777778,0.02222222222222222
ShapesAll,deepsvdd,34.0,0.8516666666666667,0.0,0.0,0.0
ShapesAll,deepsvdd,35.0,0.15833333333333333,0.003137254901960784,0.002962962962962963,0.0033333333333333335
ShapesAll,deepsvdd,36.0,0.97,0.0048484848484848485,0.02666666666666667,0.002666666666666667
ShapesAll,deepsvdd,37.0,0.795,0.008888888888888889,0.013333333333333334,0.006666666666666667
ShapesAll,deepsvdd,38.0,0.7933333333333333,0.004444444444444445,0.013333333333333334,0.002666666666666667
ShapesAll,deepsvdd,39.0,0.46,0.0033333333333333335,0.0044444444444444444,0.002666666666666667
ShapesAll,deepsvdd,40.0,0.125,0.003137254901960784,0.0020512820512820513,0.006666666666666667
ShapesAll,deepsvdd,41.0,0.825,0.0,0.0,0.0
ShapesAll,deepsvdd,42.0,0.685,0.01,0.01,0.01
ShapesAll,deepsvdd,43.0,0.79,0.049523809523809526,0.05333333333333334,0.04666666666666667
ShapesAll,deepsvdd,44.0,0.095,0.0,0.0,0.0
ShapesAll,deepsvdd,45.0,0.018333333333333333,0.013803921568627453,0.00967032967032967,0.024444444444444442
ShapesAll,deepsvdd,46.0,0.14833333333333334,0.008421052631578947,0.008888888888888889,0.008
ShapesAll,deepsvdd,47.0,0.7516666666666667,0.0,0.0,0.0
ShapesAll,deepsvdd,48.0,0.7333333333333333,0.022626262626262623,0.030476190476190476,0.02
ShapesAll,deepsvdd,49.0,0.77,0.00761904761904762,0.013333333333333334,0.005333333333333334
ShapesAll,deepsvdd,50.0,0.04666666666666667,0.006946778711484594,0.006222222222222223,0.016666666666666666
ShapesAll,deepsvdd,51.0,0.5516666666666666,0.005925925925925926,0.02666666666666667,0.0033333333333333335
ShapesAll,deepsvdd,52.0,0.20333333333333334,0.012549019607843137,0.015238095238095238,0.010666666666666668
ShapesAll,deepsvdd,53.0,0.13333333333333333,0.012549019607843137,0.008578088578088578,0.024444444444444442
ShapesAll,deepsvdd,54.0,0.03833333333333333,0.008421052631578947,0.008888888888888889,0.008
ShapesAll,deepsvdd,55.0,0.6283333333333333,0.0048484848484848485,0.02666666666666667,0.002666666666666667
ShapesAll,deepsvdd,56.0,0.075,0.006274509803921569,0.0048484848484848485,0.008888888888888889
ShapesAll,deepsvdd,57.0,0.2683333333333333,0.0,0.0,0.0
ShapesAll,deepsvdd,58.0,0.02666666666666667,0.013393665158371041,0.01511111111111111,0.021666666666666667
ShapesAll,deepsvdd,59.0,0.59,0.008888888888888889,0.013333333333333334,0.006666666666666667
ShapesAll,deepsvdd,60.0,0.12166666666666667,0.0033333333333333335,0.0044444444444444444,0.002666666666666667
SmallKitchenAppliances,deepsvdd,1.0,0.5013333333333333,0.0718051337494062,0.256,0.04635897435897436
SmallKitchenAppliances,deepsvdd,2.0,0.68,0.04587363834422658,0.21333333333333335,0.027555555555555552
SmallKitchenAppliances,deepsvdd,3.0,0.4666666666666667,0.024187363834422656,0.14666666666666667,0.013333333333333334
SonyAIBORobotSurface1,deepsvdd,1.0,0.2562396006655574,0.0887385328363471,0.14906901196418668,0.06706768919747289
SonyAIBORobotSurface1,deepsvdd,2.0,0.21630615640599002,0.08755429317238066,0.09049659898245589,0.09250191479808784
SonyAIBORobotSurface2,deepsvdd,1.0,0.6358866736621196,0.11995354534703959,0.35536901014340677,0.07643032029181034
SonyAIBORobotSurface2,deepsvdd,2.0,0.34312696747114374,0.03047100969451442,0.10772997551591465,0.018582466851092244
StarLightCurves,deepsvdd,1.0,0.18807673627974744,0.14777266578285136,0.09130929779302795,0.4857559147991399
StarLightCurves,deepsvdd,2.0,0.14108790675084992,0.012148203448949107,0.009313000959431265,0.02052082610606166
StarLightCurves,deepsvdd,3.0,0.2939533754249636,0.38533290338015685,0.3927166622164204,0.4058791055148515
Strawberry,deepsvdd,1.0,0.41081081081081083,0.13006943595178888,0.2998712998712999,0.11364287364287366
Strawberry,deepsvdd,2.0,0.4783783783783784,0.36328688666117465,0.6485628485628486,0.3198752598752599
SwedishLeaf,deepsvdd,1.0,0.2528,0.028453892773892778,0.017542564102564103,0.1152
SwedishLeaf,deepsvdd,2.0,0.5264,0.08011913419913418,0.0600888888888889,0.17919999999999997
SwedishLeaf,deepsvdd,3.0,0.2976,0.013187878787878788,0.008013675213675214,0.0384
SwedishLeaf,deepsvdd,4.0,0.048,0.05296941176470589,0.030430476190476192,0.28501333333333334
SwedishLeaf,deepsvdd,5.0,0.1056,0.0858014841024129,0.04945113553113552,0.4138666666666666
SwedishLeaf,deepsvdd,6.0,0.8288,0.13202285714285714,0.13738666666666668,0.13866666666666666
SwedishLeaf,deepsvdd,7.0,0.0128,0.020747712418300653,0.011855238095238092,0.1024
SwedishLeaf,deepsvdd,8.0,0.3072,0.03148581196581197,0.018825050505050504,0.1365333333333333
SwedishLeaf,deepsvdd,9.0,0.3904,0.0647104007104007,0.03811520035520036,0.2432
SwedishLeaf,deepsvdd,10.0,0.5648,0.005688888888888889,0.0064,0.00512
SwedishLeaf,deepsvdd,11.0,0.1072,0.06325517894558143,0.043487179487179485,0.21162666666666663
SwedishLeaf,deepsvdd,12.0,0.3296,0.0250032634032634,0.01924155844155844,0.07253333333333334
SwedishLeaf,deepsvdd,13.0,0.4592,0.013612698412698413,0.010666666666666666,0.0352
SwedishLeaf,deepsvdd,14.0,0.5952,0.016032323232323235,0.011123809523809522,0.04053333333333333
SwedishLeaf,deepsvdd,15.0,0.1072,0.02053019607843137,0.016143145743145744,0.0384
Symbols,deepsvdd,1.0,0.23417085427135678,0.08568279882498032,0.06043314586028154,0.18316343622876285
Symbols,deepsvdd,2.0,0.18190954773869347,0.14502457740567798,0.09300238566570225,0.4025460636515911
Symbols,deepsvdd,3.0,0.1407035175879397,0.22866728047553417,0.13945404679073023,0.7888107202680066
Symbols,deepsvdd,4.0,0.3628140703517588,0.1669935280340246,0.12257325031194376,0.35584589614740364
Symbols,deepsvdd,5.0,0.8241206030150754,0.1843120363723379,0.25728643216080405,0.16899736779133764
Symbols,deepsvdd,6.0,0.23316582914572864,0.2615098483530426,0.16040562452622753,0.839779851639148
SyntheticControl,deepsvdd,1.0,0.8233333333333334,0.0,0.0,0.0
SyntheticControl,deepsvdd,2.0,0.13,0.12346476920270026,0.15792207792207794,0.12095238095238095
SyntheticControl,deepsvdd,3.0,0.6333333333333333,0.0,0.0,0.0
SyntheticControl,deepsvdd,4.0,0.37666666666666665,0.0,0.0,0.0
SyntheticControl,deepsvdd,5.0,0.6133333333333333,0.035555555555555556,0.16,0.02
SyntheticControl,deepsvdd,6.0,0.8266666666666667,0.061037037037037035,0.17333333333333334,0.041111111111111105
ToeSegmentation1,deepsvdd,0.0,0.47368421052631576,0.45354717714157694,0.5290148448043185,0.4166666666666667
ToeSegmentation1,deepsvdd,1.0,0.5877192982456141,0.15850151695027043,0.49122807017543857,0.09649122807017543
ToeSegmentation2,deepsvdd,0.0,0.19230769230769232,0.2117752904130613,0.7560439560439561,0.12769230769230772
ToeSegmentation2,deepsvdd,1.0,0.7692307692307693,0.09846153846153846,0.18461538461538463,0.07179487179487179
Trace,deepsvdd,1.0,0.0,0.0,0.0,0.0
Trace,deepsvdd,2.0,0.11,0.19410801513587891,0.13375424575424577,0.3986666666666666
Trace,deepsvdd,3.0,0.51,0.17922077922077922,0.19352380952380951,0.2019047619047619
Trace,deepsvdd,4.0,0.8,0.17371428571428574,0.18666666666666665,0.192
TwoLeadECG,deepsvdd,1.0,0.4135206321334504,0.16107318229923198,0.2610477026631548,0.12167023299595735
TwoLeadECG,deepsvdd,2.0,0.47322212467076386,0.08527201020616296,0.23544044483465024,0.05546180480333247
TwoPatterns,deepsvdd,1.0,0.291,0.09013121584298049,0.07154393384393383,0.15281904761904758
TwoPatterns,deepsvdd,2.0,0.69825,0.05312063492063494,0.10326666666666666,0.0414095238095238
TwoPatterns,deepsvdd,3.0,0.6495,0.07667359307359309,0.12267619047619045,0.0685095238095238
TwoPatterns,deepsvdd,4.0,0.29025,0.2721461112525318,0.18682614052614074,0.5970142857142858
UWaveGestureLibraryAll,deepsvdd,1.0,0.5086543830262423,0.05718557142342736,0.040628185016794736,0.12216638749302065
UWaveGestureLibraryAll,deepsvdd,2.0,0.3461753210496929,0.031202364161276377,0.021759913887217062,0.06582116933875728
UWaveGestureLibraryAll,deepsvdd,3.0,0.5963149078726968,0.09797230500748089,0.07708028679552968,0.16608970779825047
UWaveGestureLibraryAll,deepsvdd,4.0,0.7554438860971524,0.053806953639449456,0.061715987344128045,0.060227061232086355
UWaveGestureLibraryAll,deepsvdd,5.0,0.43467336683417085,0.10824630422620368,0.0724245913525645,0.28004573130201277
UWaveGestureLibraryAll,deepsvdd,6.0,0.8068118369625907,0.06383238946053019,0.08427321794155965,0.06439605434580309
UWaveGestureLibraryAll,deepsvdd,7.0,0.6409826912339475,0.05751218816545452,0.053431177049267496,0.08077424157826169
UWaveGestureLibraryAll,deepsvdd,8.0,0.2797319932998325,0.11696908496696899,0.0743374003005494,0.34468639493765124
UWaveGestureLibraryX,deepsvdd,1.0,0.550251256281407,0.015258592143014255,0.011393829819290458,0.033054159687325516
UWaveGestureLibraryX,deepsvdd,2.0,0.20407593523171413,0.05348518201015985,0.03380990248661937,0.1636436148998963
UWaveGestureLibraryX,deepsvdd,3.0,0.35147962032384145,0.06658113274528682,0.043168067121165936,0.18471989577517217
UWaveGestureLibraryX,deepsvdd,4.0,0.4341150195421552,0.03305433322183742,0.02387013073780243,0.07218101087447822
UWaveGestureLibraryX,deepsvdd,5.0,0.8598548297040759,0.07533257114496647,0.11427507909919972,0.06324745420222808
UWaveGestureLibraryX,deepsvdd,6.0,0.8470128419877163,0.07258869302420393,0.10645821701098082,0.06298157453936348
UWaveGestureLibraryX,deepsvdd,7.0,0.3408710217755444,0.04658897154709548,0.031151341369096808,0.11211613623673922
UWaveGestureLibraryX,deepsvdd,8.0,0.20212171970965942,0.14642368197761244,0.0902384481948971,0.4856132514423972
UWaveGestureLibraryY,deepsvdd,1.0,0.5069793411501954,0.06391293426469305,0.049094115760782424,0.1204541224641727
UWaveGestureLibraryY,deepsvdd,2.0,0.3981016192071469,0.07152829799395959,0.04782261599682031,0.18444603972242168
UWaveGestureLibraryY,deepsvdd,3.0,0.8305415968732551,0.03695727313817766,0.05844034989763632,0.029852968546435887
UWaveGestureLibraryY,deepsvdd,4.0,0.6806253489670575,0.05120552256230649,0.04802850229985908,0.0677461380978969
UWaveGestureLibraryY,deepsvdd,5.0,0.41150195421552205,0.0650341655366781,0.044631303927786345,0.15098774294754194
UWaveGestureLibraryY,deepsvdd,6.0,0.4553322166387493,0.057522649817457173,0.040887780251264334,0.12923878652521867
UWaveGestureLibraryY,deepsvdd,7.0,0.6912339475153545,0.019189421534480163,0.020137725665363856,0.030671877908058812
UWaveGestureLibraryY,deepsvdd,8.0,0.457286432160804,0.04633435923218167,0.03251418226292599,0.10288479434208075
UWaveGestureLibraryZ,deepsvdd,1.0,0.4408151870463428,0.06410637566416458,0.04335873816610834,0.1622184999069421
UWaveGestureLibraryZ,deepsvdd,2.0,0.17476270240089337,0.05191104607795907,0.03262287064632121,0.16002765148493792
UWaveGestureLibraryZ,deepsvdd,3.0,0.6527079843662759,0.08597927911160744,0.07314792658176243,0.14697561883491533
UWaveGestureLibraryZ,deepsvdd,4.0,0.7451144611948632,0.10505082732888424,0.10525909973146153,0.12961101805322908
UWaveGestureLibraryZ,deepsvdd,5.0,0.12841987716359576,0.04914468357172069,0.030104444844813345,0.15931509398846078
UWaveGestureLibraryZ,deepsvdd,6.0,0.5918481295365717,0.032913001757222865,0.026699635744861883,0.05516471245114461
UWaveGestureLibraryZ,deepsvdd,7.0,0.4617532104969291,0.02997756632597504,0.022812797352160838,0.05099571933742787
UWaveGestureLibraryZ,deepsvdd,8.0,0.6197654941373534,0.013460601065291185,0.01054478742920954,0.027098455239158756
Wafer,deepsvdd,-1.0,0.3973069435431538,0.14667933467032584,0.09371654374899026,0.43426346528228427
Wafer,deepsvdd,1.0,0.12508111615833875,0.13590397604236057,0.5127406446030717,0.08142347594002358
Wine,deepsvdd,1.0,0.5,0.0,0.0,0.0
Wine,deepsvdd,2.0,0.37037037037037035,0.06584362139917695,0.2962962962962963,0.037037037037037035
WordSynonyms,deepsvdd,1.0,0.8840125391849529,0.0,0.0,0.0
WordSynonyms,deepsvdd,2.0,0.4231974921630094,0.014768373389063045,0.010101010101010102,0.029258098223615463
WordSynonyms,deepsvdd,3.0,0.3322884012539185,0.009155595362491916,0.005511729649660684,0.03761755485893417
WordSynonyms,deepsvdd,4.0,0.7241379310344828,0.185022640195054,0.18098223615464992,0.22988505747126436
WordSynonyms,deepsvdd,5.0,0.8808777429467085,0.041797283176593515,0.029258098223615463,0.07523510971786834
WordSynonyms,deepsvdd,6.0,0.5595611285266457,0.16449085571342625,0.10423446285515252,0.44409613375130613
WordSynonyms,deepsvdd,7.0,0.2852664576802508,0.0187547040211617,0.010288562012699943,0.11285266457680251
WordSynonyms,deepsvdd,8.0,0.7084639498432602,0.0,0.0,0.0
WordSynonyms,deepsvdd,9.0,0.9012539184952978,0.010031347962382446,0.012539184952978056,0.008359456635318703
WordSynonyms,deepsvdd,10.0,0.6990595611285266,0.04080210976762701,0.026123301985370946,0.11285266457680251
WordSynonyms,deepsvdd,11.0,0.6943573667711599,0.02633228840125392,0.0161218092252575,0.07523510971786834
WordSynonyms,deepsvdd,12.0,0.7523510971786834,0.015604319052594915,0.010449320794148379,0.033437826541274814
WordSynonyms,deepsvdd,13.0,0.6410658307210031,0.04406627854903718,0.028103697069214312,0.1212121212121212
WordSynonyms,deepsvdd,14.0,0.4702194357366771,0.0412206393397616,0.024620590137831518,0.1755485893416928
WordSynonyms,deepsvdd,15.0,0.9169278996865203,0.07272727272727272,0.07105538140020898,0.07523510971786834
WordSynonyms,deepsvdd,16.0,0.6755485893416928,0.04116037219485495,0.026222819326267605,0.11285266457680251
WordSynonyms,deepsvdd,17.0,0.6081504702194357,0.02298850574712644,0.01361397223466189,0.07523510971786834
WordSynonyms,deepsvdd,18.0,0.6943573667711599,0.09131711200676718,0.0613225854605165,0.21316614420062696
WordSynonyms,deepsvdd,19.0,0.3275862068965517,0.019516011679021086,0.01061154101906453,0.12225705329153605
WordSynonyms,deepsvdd,20.0,0.4890282131661442,0.009155595362491914,0.005224660397074189,0.03761755485893417
WordSynonyms,deepsvdd,21.0,0.21316614420062696,0.014927601134497686,0.008388685504672965,0.07523510971786834
WordSynonyms,deepsvdd,22.0,0.7225705329153606,0.0,0.0,0.0
WordSynonyms,deepsvdd,23.0,0.725705329153605,0.010031347962382446,0.006269592476489028,0.025078369905956112
WordSynonyms,deepsvdd,24.0,0.3887147335423197,0.009155595362491916,0.0056724884311091205,0.025078369905956112
WordSynonyms,deepsvdd,25.0,0.7648902821316614,0.06645768025078369,0.05164949992536199,0.12539184952978055
Worms,deepsvdd,1.0,0.4805194805194805,0.046176046176046176,0.2077922077922078,0.025974025974025976
Worms,deepsvdd,2.0,0.7922077922077922,0.0,0.0,0.0
Worms,deepsvdd,3.0,0.7662337662337663,0.0,0.0,0.0
Worms,deepsvdd,4.0,0.5584415584415584,0.15367965367965367,0.21645021645021642,0.11948051948051946
Worms,deepsvdd,5.0,0.16883116883116883,0.1421736158578264,0.12278630460448643,0.16883116883116883
WormsTwoClass,deepsvdd,1.0,0.4935064935064935,0.0,0.0,0.0
WormsTwoClass,deepsvdd,2.0,0.5454545454545454,0.17840745113472387,0.4155844155844156,0.12294372294372294
Yoga,deepsvdd,1.0,0.572,0.2303365079365078,0.5744888888888889,0.15300092500092488
Yoga,deepsvdd,2.0,0.4523333333333333,0.3403964236199528,0.4752734968734969,0.2857774521774522
